scenario_id,analysis_label,outcome_def,restriction,model_type,N,events,event_rate,auroc,brier,cal_intercept,cal_slope,target_prop_20,prevented_cases_20,prevented_pct_cases_20,prevented_cases_20_lo,prevented_cases_20_hi,prevented_pct_cases_20_lo,prevented_pct_cases_20_hi,policy_scenario_20
primary,Primary model,EPDS ≥ 13,All postpartum,Elastic-net (alpha = 0.5),799,349,0.43679599499374216,0.9982171283030882,0.0016410003897246693,-0.22885187906355584,1.4800812738583737,20.02503128911139,47.70000000000002,13.667621776504301,47.10000000000001,48.60000000000001,12.765583547339604,14.952978056426335,Mental health package (RR = 0.70)
epds11,EPDS threshold 11,EPDS ≥ 11,All postpartum,Elastic-net (alpha = 0.5),799,442,0.5531914893617021,0.9847522719495038,0.05345447964633409,-0.19410177866331804,1.8200369487517667,20.02503128911139,48.00000000000001,10.859728506787333,48.00000000000001,48.900000000000006,10.288849472939319,11.64481810738098,Mental health package (RR = 0.70)
phq9_10,PHQ-9 threshold 10,PHQ-9 ≥ 10,All postpartum (PHQ-9 observed),Elastic-net (alpha = 0.5),799,458,0.5732165206508135,1,1.982978812168921e-6,-2.0343608578492987,4.35029077454879,20.02503128911139,48.00000000000001,10.480349344978169,48.00000000000001,48.7575,9.927108464657874,11.198095987539144,Mental health package (RR = 0.70)
lasso,Parsimonious model (lasso),EPDS ≥ 13,All postpartum,L1-penalised logistic (alpha = 1.0),799,349,0.43679599499374216,0.9979624323463865,0.0014799841733581518,-0.378665402496827,1.4764805242009391,20.275344180225282,48.300000000000004,13.839541547277939,47.10000000000001,49.50000000000001,12.720000000000004,14.88620421072508,Mental health package (RR = 0.70)
