metric,mean,lo,hi
dAUC_A_to_B,0.06038724833067548,0.04613363172574158,0.0745914840627958
dAUC_B_to_C,0.07219030934122835,0.05892905926975396,0.0884398884363941
dAUC_C_to_D,0.08001915514075693,0.06693133374417881,0.092335481801028
dBrier_A_to_B,-0.009680084878521646,-0.0127975899892136,-0.006083024068932611
dBrier_B_to_C,-0.017796319361057935,-0.022178326291185248,-0.012995106811342657
dBrier_C_to_D,-0.0310986709858644,-0.03652686785080724,-0.025714055411255304
